title,domain,skills,work_mode,link
Data Science Intern,Data Science,"Python|SQL|Pandas",Remote,https://www.linkedin.com/jobs/
Machine Learning Intern,Machine Learning,"Python|Machine Learning|Scikit-learn",Remote,https://www.linkedin.com/jobs/
Data Analyst Intern,Data Analytics,"Python|SQL|Excel|Power BI",Hybrid,https://www.linkedin.com/jobs/
Web Development Intern,Web Development,"HTML|CSS|JavaScript",On-site,https://www.linkedin.com/jobs/
Python Developer Intern,Software Development,"Python|Django|Flask",Remote,https://www.linkedin.com/jobs/
Business Analyst Intern,Data Analytics,"SQL|Excel|Power BI",Hybrid,https://www.linkedin.com/jobs/
AI Intern,Artificial Intelligence,"Python|Machine Learning|TensorFlow",Remote,https://www.linkedin.com/jobs/
Database Intern,Database,"SQL|MySQL|DBMS",On-site,https://www.linkedin.com/jobs/
Frontend Developer Intern,Web Development,"HTML|CSS|JavaScript|React",Remote,https://www.linkedin.com/jobs/
Backend Developer Intern,Software Development,"Python|Flask|SQL",Hybrid,https://www.linkedin.com/jobs/
Data Engineer Intern,Data Engineering,"Python|SQL|ETL|Pandas",Remote,https://www.linkedin.com/jobs/
Cloud Intern,Cloud Computing,"AWS|Python|Linux",Remote,https://www.linkedin.com/jobs/
Cybersecurity Intern,Cybersecurity,"Python|Linux|Networking",Hybrid,https://www.linkedin.com/jobs/
NLP Intern,Artificial Intelligence,"Python|NLP|Machine Learning",Remote,https://www.linkedin.com/jobs/
Computer Vision Intern,Artificial Intelligence,"Python|OpenCV|Machine Learning",Remote,https://www.linkedin.com/jobs/
Power BI Intern,Data Analytics,"Power BI|Excel|SQL",Hybrid,https://www.linkedin.com/jobs/
SQL Developer Intern,Database,"SQL|MySQL|Database",On-site,https://www.linkedin.com/jobs/
Software Engineer Intern,Software Development,"Python|Java|Git",Hybrid,https://www.linkedin.com/jobs/
Research Intern,Data Science,"Python|Statistics|Machine Learning",Remote,https://www.linkedin.com/jobs/
AI/ML Intern,Machine Learning,"Python|Scikit-learn|TensorFlow",Remote,https://www.linkedin.com/jobs/